-- MySQL dump 10.13  Distrib 8.0.19, for Win64 (x86_64)
--
-- Host: 34.237.81.165    Database: DB_T2_CARLOS_JANUARIO
-- ------------------------------------------------------
-- Server version	8.0.45-0ubuntu0.24.04.1

/*!40101 SET @OLD_CHARACTER_SET_CLIENT=@@CHARACTER_SET_CLIENT */;
/*!40101 SET @OLD_CHARACTER_SET_RESULTS=@@CHARACTER_SET_RESULTS */;
/*!40101 SET @OLD_COLLATION_CONNECTION=@@COLLATION_CONNECTION */;
/*!50503 SET NAMES utf8mb4 */;
/*!40103 SET @OLD_TIME_ZONE=@@TIME_ZONE */;
/*!40103 SET TIME_ZONE='+00:00' */;
/*!40014 SET @OLD_UNIQUE_CHECKS=@@UNIQUE_CHECKS, UNIQUE_CHECKS=0 */;
/*!40014 SET @OLD_FOREIGN_KEY_CHECKS=@@FOREIGN_KEY_CHECKS, FOREIGN_KEY_CHECKS=0 */;
/*!40101 SET @OLD_SQL_MODE=@@SQL_MODE, SQL_MODE='NO_AUTO_VALUE_ON_ZERO' */;
/*!40111 SET @OLD_SQL_NOTES=@@SQL_NOTES, SQL_NOTES=0 */;

--
-- Table structure for table `EMPLOYEE`
--

DROP TABLE IF EXISTS `EMPLOYEE`;
/*!40101 SET @saved_cs_client     = @@character_set_client */;
/*!50503 SET character_set_client = utf8mb4 */;
CREATE TABLE `EMPLOYEE` (
  `ID` int NOT NULL,
  `NAME` varchar(100) NOT NULL,
  `ROLE` varchar(50) DEFAULT NULL,
  `SALARY` decimal(10,2) DEFAULT NULL,
  `ADMISSION_DATE` date DEFAULT NULL,
  PRIMARY KEY (`ID`)
) ENGINE=InnoDB DEFAULT CHARSET=utf8mb4 COLLATE=utf8mb4_0900_ai_ci;
/*!40101 SET character_set_client = @saved_cs_client */;

--
-- Dumping data for table `EMPLOYEE`
--

LOCK TABLES `EMPLOYEE` WRITE;
/*!40000 ALTER TABLE `EMPLOYEE` DISABLE KEYS */;
INSERT INTO `EMPLOYEE` VALUES (1,'APOLO GOD','ATENDENTE SENIOR',1900.03,'2022-01-15'),(2,'ÁRTEMIS SISTER','GERENTE',2300.00,'2024-06-10'),(3,'ADÔNIS GREGA','ATENDENTE JUNIOR',1834.45,'2025-02-01');
/*!40000 ALTER TABLE `EMPLOYEE` ENABLE KEYS */;
UNLOCK TABLES;

--
-- Table structure for table `CUSTOMER`
--

DROP TABLE IF EXISTS `CUSTOMER`;
/*!40101 SET @saved_cs_client     = @@character_set_client */;
/*!50503 SET character_set_client = utf8mb4 */;
CREATE TABLE `CUSTOMER` (
  `ID` int NOT NULL,
  `NAME` varchar(100) DEFAULT NULL,
  PRIMARY KEY (`ID`)
) ENGINE=InnoDB DEFAULT CHARSET=utf8mb4 COLLATE=utf8mb4_0900_ai_ci;
/*!40101 SET character_set_client = @saved_cs_client */;

--
-- Dumping data for table `CUSTOMER`
--

LOCK TABLES `CUSTOMER` WRITE;
/*!40000 ALTER TABLE `CUSTOMER` DISABLE KEYS */;
INSERT INTO `CUSTOMER` VALUES (1,'ANÔNIMO'),(2,'DONA MARIA'),(3,'TIÃO'),(4,'JOÃO DO PULO'),(5,'ZÉ DA ESQUINA'),(6,'SR. WILSON'),(7,'ROBERTO'),(8,'CHICO MINEIRO');
/*!40000 ALTER TABLE `CUSTOMER` ENABLE KEYS */;
UNLOCK TABLES;

--
-- Table structure for table `EXPENSE`
--

DROP TABLE IF EXISTS `EXPENSE`;
/*!40101 SET @saved_cs_client     = @@character_set_client */;
/*!50503 SET character_set_client = utf8mb4 */;
CREATE TABLE `EXPENSE` (
  `ID` int NOT NULL,
  `DESCRIPTION` varchar(200) DEFAULT NULL,
  `VALUE` decimal(10,2) DEFAULT NULL,
  `EXPENSE_DATE` date DEFAULT NULL,
  PRIMARY KEY (`ID`)
) ENGINE=InnoDB DEFAULT CHARSET=utf8mb4 COLLATE=utf8mb4_0900_ai_ci;
/*!40101 SET character_set_client = @saved_cs_client */;

--
-- Dumping data for table `EXPENSE`
--

LOCK TABLES `EXPENSE` WRITE;
/*!40000 ALTER TABLE `EXPENSE` DISABLE KEYS */;
/*!40000 ALTER TABLE `EXPENSE` ENABLE KEYS */;
UNLOCK TABLES;

--
-- Table structure for table `SALE_ITEM`
--

DROP TABLE IF EXISTS `SALE_ITEM`;
/*!40101 SET @saved_cs_client     = @@character_set_client */;
/*!50503 SET character_set_client = utf8mb4 */;
CREATE TABLE `SALE_ITEM` (
  `ID` int NOT NULL,
  `SALE_ID` int DEFAULT NULL,
  `PRODUCT_ID` int DEFAULT NULL,
  `QUANTITY` int DEFAULT NULL,
  `UNIT_PRICE` decimal(10,2) DEFAULT NULL,
  PRIMARY KEY (`ID`),
  KEY `SALE_ID` (`SALE_ID`),
  KEY `PRODUCT_ID` (`PRODUCT_ID`),
  CONSTRAINT `SALE_ITEM_ibfk_1` FOREIGN KEY (`SALE_ID`) REFERENCES `SALE` (`ID`),
  CONSTRAINT `SALE_ITEM_ibfk_2` FOREIGN KEY (`PRODUCT_ID`) REFERENCES `PRODUCT` (`ID`)
) ENGINE=InnoDB DEFAULT CHARSET=utf8mb4 COLLATE=utf8mb4_0900_ai_ci;
/*!40101 SET character_set_client = @saved_cs_client */;

--
-- Dumping data for table `SALE_ITEM`
--

LOCK TABLES `SALE_ITEM` WRITE;
/*!40000 ALTER TABLE `SALE_ITEM` DISABLE KEYS */;
INSERT INTO `SALE_ITEM` VALUES (1,1,14,60,10.00),(2,2,15,100,7.00),(3,3,16,50,25.00),(4,4,17,180,8.00),(5,5,18,150,4.00),(6,6,19,100,12.00),(7,7,20,80,15.00),(8,8,21,150,10.00),(9,9,22,300,5.00),(10,10,23,150,6.00),(11,11,25,50,6.00),(12,12,26,150,1.00),(13,13,27,200,1.50),(14,14,28,800,0.50),(15,15,29,120,7.00),(16,16,1,450,10.00),(17,17,6,280,6.00),(18,18,2,550,3.00),(19,19,3,220,2.50),(20,20,4,200,8.00),(21,21,5,150,6.00),(22,22,7,120,6.00),(23,23,8,150,6.00),(24,24,9,180,5.00),(25,25,10,300,5.00),(26,26,11,100,20.00),(27,27,12,250,3.00),(28,28,13,450,1.00),(29,29,14,120,10.00),(30,30,15,150,7.00),(31,31,16,80,25.00),(32,32,17,200,8.00),(33,33,18,220,4.00),(34,34,19,150,12.00),(35,35,20,100,15.00),(36,36,21,200,10.00),(37,37,22,350,5.00),(38,38,23,180,6.00),(39,39,24,750,1.00),(40,40,25,80,6.00),(41,41,26,200,1.00),(42,42,27,300,1.50),(43,43,28,1100,0.50),(44,44,29,150,7.00),(45,45,30,400,2.00),(46,46,1,550,10.00),(47,47,6,320,6.00),(48,48,2,650,3.00),(49,49,3,280,2.50),(50,50,4,220,8.00),(51,51,5,180,6.00),(52,52,7,150,6.00),(53,53,8,180,6.00),(54,54,9,250,5.00),(55,55,10,350,5.00),(56,56,11,120,20.00),(57,57,12,300,3.00),(58,58,13,550,1.00),(59,59,14,150,10.00),(60,60,15,180,7.00),(61,61,16,100,25.00),(62,62,17,250,8.00),(63,63,18,300,4.00),(64,64,19,180,12.00),(65,65,20,120,15.00),(66,66,21,250,10.00),(67,67,22,400,5.00),(68,68,23,200,6.00),(69,69,24,800,1.00),(70,70,25,100,6.00),(71,71,26,250,1.00),(72,72,27,350,1.50),(73,73,28,1200,0.50),(74,74,29,180,7.00),(75,75,30,450,2.00),(76,76,1,600,10.00),(77,77,6,350,6.00),(78,78,2,700,3.00),(1000,1000,2,100,3.00),(1001,1001,1,60,10.00),(1002,1002,24,100,1.00),(1003,1003,10,50,5.00),(1004,1004,29,40,7.00),(1005,1005,17,40,8.00),(1006,1006,19,30,12.00),(1007,1007,2,80,3.00),(1008,1008,1,100,10.00),(1009,1009,4,60,8.00),(1010,1010,16,20,25.00),(1011,1011,30,100,2.00),(1012,1012,6,60,6.00),(1013,1013,1,80,10.00),(1014,1014,24,150,1.00),(1015,1015,2,120,3.00),(1016,1016,20,30,15.00),(1017,1017,5,50,6.00),(1018,1018,15,40,7.00),(1019,1019,21,50,10.00),(1020,1020,1,120,10.00),(1021,1021,29,60,7.00),(1022,1022,3,100,2.50),(1023,1023,4,80,8.00),(1024,1024,18,100,4.00),(1025,1025,1,50,10.00),(1026,1026,24,200,1.00),(1027,1027,2,100,3.00),(1028,1028,10,60,5.00),(1029,1029,17,50,8.00),(1030,1030,19,40,12.00),(1031,1031,6,80,6.00),(1032,1032,1,100,10.00),(1033,1033,16,30,25.00),(1034,1034,12,100,3.00),(1035,1035,2,150,3.00),(1036,1036,29,50,7.00),(1037,1037,8,60,6.00),(1038,1038,11,20,20.00),(1039,1039,30,120,2.00),(1040,1040,24,120,1.00),(1041,1041,1,80,10.00),(1042,1042,27,150,1.50),(1043,1043,28,500,0.50),(1044,1044,2,200,3.00),(1045,1045,9,100,5.00),(1046,1046,21,60,10.00),(1047,1047,1,120,10.00),(1048,1048,25,20,6.00),(1049,1049,29,40,7.00);
/*!40000 ALTER TABLE `SALE_ITEM` ENABLE KEYS */;
UNLOCK TABLES;

--
-- Table structure for table `PRODUCT`
--

DROP TABLE IF EXISTS `PRODUCT`;
/*!40101 SET @saved_cs_client     = @@character_set_client */;
/*!50503 SET character_set_client = utf8mb4 */;
CREATE TABLE `PRODUCT` (
  `ID` int NOT NULL,
  `NAME` varchar(100) NOT NULL,
  `PRICE_BUY` decimal(10,2) DEFAULT NULL,
  `PRICE_SELL` decimal(10,2) NOT NULL,
  `STOCK_QUANTITY` int DEFAULT '0',
  `SUPPLIER_ID` int DEFAULT NULL,
  PRIMARY KEY (`ID`),
  KEY `SUPPLIER_ID` (`SUPPLIER_ID`),
  CONSTRAINT `PRODUCT_ibfk_1` FOREIGN KEY (`SUPPLIER_ID`) REFERENCES `SUPPLIER` (`ID`)
) ENGINE=InnoDB DEFAULT CHARSET=utf8mb4 COLLATE=utf8mb4_0900_ai_ci;
/*!40101 SET character_set_client = @saved_cs_client */;

--
-- Dumping data for table `PRODUCT`
--

LOCK TABLES `PRODUCT` WRITE;
/*!40000 ALTER TABLE `PRODUCT` DISABLE KEYS */;
INSERT INTO `PRODUCT` VALUES (1,'CERVEJA',6.50,10.00,200,1),(2,'CACHAÇA',1.20,3.00,200,2),(3,'OVO ROSA',1.10,2.50,120,3),(4,'ESPETINHO',3.80,8.00,80,4),(5,'BOLINHO DE CARNE',2.50,6.00,100,5),(6,'COXINHA',2.50,6.00,100,5),(7,'RISOLES',2.50,6.00,100,5),(8,'QUIBE',2.50,6.00,100,5),(9,'EMPADA',2.10,5.00,100,5),(10,'TORRESMO',1.80,5.00,80,4),(11,'BATATA FRITA',8.50,20.00,60,6),(12,'AMENDOIM',1.10,3.00,120,7),(13,'OVO DE CODORNA',0.40,1.00,120,3),(14,'AZEITONA',4.20,10.00,50,6),(15,'QUEIJO COALHO',3.40,7.00,50,8),(16,'LINGUIÇA CALABRESA',11.00,25.00,60,4),(17,'PÃO COM MORTADELA',3.20,8.00,80,5),(18,'SARDINHA',1.70,4.00,60,9),(19,'CALDO DE MOCOTÓ',5.50,12.00,40,4),(20,'DOBRADINHA',6.80,15.00,40,4),(21,'CALDINHO DE FEIJÃO',4.10,10.00,40,6),(22,'REFRIGERANTE',2.80,5.00,200,1),(23,'ÁGUA TÔNICA',3.10,6.00,150,1),(24,'CIGARRO',0.65,1.00,300,10),(25,'ISQUEIRO',2.90,6.00,50,10),(26,'FÓSFORO',0.45,1.00,50,10),(27,'PAÇOCA',0.60,1.50,300,7),(28,'CHICLETE',0.15,0.50,300,7),(29,'CONHAQUE',3.90,7.00,150,2),(30,'CAFÉ',0.80,2.00,150,6);
/*!40000 ALTER TABLE `PRODUCT` ENABLE KEYS */;
UNLOCK TABLES;

--
-- Table structure for table `SUPPLIER`
--

DROP TABLE IF EXISTS `SUPPLIER`;
/*!40101 SET @saved_cs_client     = @@character_set_client */;
/*!50503 SET character_set_client = utf8mb4 */;
CREATE TABLE `SUPPLIER` (
  `ID` int NOT NULL,
  `COMPANY_NAME` varchar(100) NOT NULL,
  PRIMARY KEY (`ID`)
) ENGINE=InnoDB DEFAULT CHARSET=utf8mb4 COLLATE=utf8mb4_0900_ai_ci;
/*!40101 SET character_set_client = @saved_cs_client */;

--
-- Dumping data for table `SUPPLIER`
--

LOCK TABLES `SUPPLIER` WRITE;
/*!40000 ALTER TABLE `SUPPLIER` DISABLE KEYS */;
INSERT INTO `SUPPLIER` VALUES (1,'DISTRIBUIDORA CEVADA PURA'),(2,'ALAMBIQUE VELHO OESTE'),(3,'GRANJA RENASCER'),(4,'FRIGORÍFICO BOI GORDO'),(5,'SALGADARIA POPULAR'),(6,'HORTIFRUTI DO CAMPO'),(7,'SNACKS DO CERRADO'),(8,'LATICÍNIOS DA SERRA'),(9,'PESCADOS DA COSTA'),(10,'TABACARIA OURO NEGRO');
/*!40000 ALTER TABLE `SUPPLIER` ENABLE KEYS */;
UNLOCK TABLES;

--
-- Table structure for table `SALE`
--

DROP TABLE IF EXISTS `SALE`;
/*!40101 SET @saved_cs_client     = @@character_set_client */;
/*!50503 SET character_set_client = utf8mb4 */;
CREATE TABLE `SALE` (
  `ID` int NOT NULL,
  `SALE_DATE` datetime DEFAULT CURRENT_TIMESTAMP,
  `EMPLOYEE_ID` int DEFAULT NULL,
  `CUSTOMER_ID` int DEFAULT NULL,
  `TOTAL_VALUE` decimal(10,2) DEFAULT NULL,
  `STATUS` enum('PAGO','FIADO') NOT NULL,
  `PAYMENT_METHOD` enum('DINHEIRO','CARTAO','PIX','PENDENTE') NOT NULL,
  PRIMARY KEY (`ID`),
  KEY `EMPLOYEE_ID` (`EMPLOYEE_ID`),
  KEY `CUSTOMER_ID` (`CUSTOMER_ID`),
  CONSTRAINT `SALE_ibfk_1` FOREIGN KEY (`EMPLOYEE_ID`) REFERENCES `EMPLOYEE` (`ID`),
  CONSTRAINT `SALE_ibfk_2` FOREIGN KEY (`CUSTOMER_ID`) REFERENCES `CUSTOMER` (`ID`)
) ENGINE=InnoDB DEFAULT CHARSET=utf8mb4 COLLATE=utf8mb4_0900_ai_ci;
/*!40101 SET character_set_client = @saved_cs_client */;

--
-- Dumping data for table `SALE`
--

LOCK TABLES `SALE` WRITE;
/*!40000 ALTER TABLE `SALE` DISABLE KEYS */;
INSERT INTO `SALE` VALUES (1,'2026-03-06 00:00:00',2,2,60.00,'PAGO','DINHEIRO'),(2,'2026-03-06 00:00:00',3,1,70.00,'PAGO','DINHEIRO'),(3,'2026-03-06 00:00:00',2,3,125.00,'PAGO','DINHEIRO'),(4,'2026-03-07 00:00:00',3,1,144.00,'PAGO','DINHEIRO'),(5,'2026-03-07 00:00:00',1,4,60.00,'PAGO','DINHEIRO'),(6,'2026-03-07 00:00:00',2,1,120.00,'PAGO','DINHEIRO'),(7,'2026-03-08 00:00:00',2,5,120.00,'PAGO','DINHEIRO'),(8,'2026-03-08 00:00:00',2,1,150.00,'PAGO','DINHEIRO'),(9,'2026-03-08 00:00:00',3,6,150.00,'PAGO','DINHEIRO'),(10,'2026-03-09 00:00:00',1,1,90.00,'PAGO','DINHEIRO'),(11,'2026-03-09 00:00:00',3,7,30.00,'PAGO','DINHEIRO'),(12,'2026-03-09 00:00:00',3,1,15.00,'PAGO','DINHEIRO'),(13,'2026-03-10 00:00:00',3,8,30.00,'PAGO','DINHEIRO'),(14,'2026-03-10 00:00:00',1,1,40.00,'PAGO','DINHEIRO'),(15,'2026-03-10 00:00:00',1,2,84.00,'PAGO','DINHEIRO'),(16,'2026-03-11 00:00:00',2,1,450.00,'PAGO','DINHEIRO'),(17,'2026-03-11 00:00:00',3,3,168.00,'PAGO','DINHEIRO'),(18,'2026-03-11 00:00:00',1,1,165.00,'PAGO','DINHEIRO'),(19,'2026-03-12 00:00:00',1,4,55.00,'PAGO','DINHEIRO'),(20,'2026-03-12 00:00:00',2,1,160.00,'PAGO','DINHEIRO'),(21,'2026-03-12 00:00:00',3,5,90.00,'PAGO','DINHEIRO'),(22,'2026-03-13 00:00:00',3,1,72.00,'PAGO','DINHEIRO'),(23,'2026-03-13 00:00:00',3,6,90.00,'PAGO','DINHEIRO'),(24,'2026-03-13 00:00:00',2,1,90.00,'PAGO','DINHEIRO'),(25,'2026-03-14 00:00:00',1,7,150.00,'PAGO','DINHEIRO'),(26,'2026-03-14 00:00:00',2,1,200.00,'PAGO','DINHEIRO'),(27,'2026-03-14 00:00:00',3,8,75.00,'PAGO','DINHEIRO'),(28,'2026-03-15 00:00:00',1,1,45.00,'PAGO','DINHEIRO'),(29,'2026-03-15 00:00:00',2,2,120.00,'PAGO','DINHEIRO'),(30,'2026-03-15 00:00:00',3,1,105.00,'PAGO','DINHEIRO'),(31,'2026-03-16 00:00:00',2,3,200.00,'PAGO','DINHEIRO'),(32,'2026-03-16 00:00:00',3,1,160.00,'PAGO','DINHEIRO'),(33,'2026-03-16 00:00:00',1,4,88.00,'PAGO','DINHEIRO'),(34,'2026-03-17 00:00:00',2,1,180.00,'PAGO','DINHEIRO'),(35,'2026-03-17 00:00:00',2,5,150.00,'PAGO','DINHEIRO'),(36,'2026-03-17 00:00:00',2,1,200.00,'PAGO','DINHEIRO'),(37,'2026-03-18 00:00:00',3,6,175.00,'PAGO','DINHEIRO'),(38,'2026-03-18 00:00:00',1,1,108.00,'PAGO','DINHEIRO'),(39,'2026-03-18 00:00:00',1,7,75.00,'PAGO','DINHEIRO'),(40,'2026-03-19 00:00:00',3,1,48.00,'PAGO','DINHEIRO'),(41,'2026-03-19 00:00:00',3,8,20.00,'PAGO','DINHEIRO'),(42,'2026-03-19 00:00:00',3,1,45.00,'PAGO','DINHEIRO'),(43,'2026-03-20 00:00:00',1,2,55.00,'PAGO','DINHEIRO'),(44,'2026-03-20 00:00:00',1,1,105.00,'PAGO','DINHEIRO'),(45,'2026-03-20 00:00:00',1,3,80.00,'PAGO','DINHEIRO'),(46,'2026-03-21 00:00:00',2,1,550.00,'PAGO','DINHEIRO'),(47,'2026-03-21 00:00:00',3,4,192.00,'PAGO','DINHEIRO'),(48,'2026-03-21 00:00:00',1,1,195.00,'PAGO','DINHEIRO'),(49,'2026-03-22 00:00:00',1,5,70.00,'PAGO','DINHEIRO'),(50,'2026-03-22 00:00:00',2,1,176.00,'PAGO','DINHEIRO'),(51,'2026-03-22 00:00:00',3,6,108.00,'PAGO','DINHEIRO'),(52,'2026-03-23 00:00:00',3,1,90.00,'PAGO','DINHEIRO'),(53,'2026-03-23 00:00:00',3,7,108.00,'PAGO','DINHEIRO'),(54,'2026-03-23 00:00:00',2,1,125.00,'PAGO','DINHEIRO'),(55,'2026-03-24 00:00:00',1,8,175.00,'PAGO','DINHEIRO'),(56,'2026-03-24 00:00:00',2,1,240.00,'PAGO','DINHEIRO'),(57,'2026-03-24 00:00:00',3,2,90.00,'PAGO','DINHEIRO'),(58,'2026-03-25 00:00:00',1,1,55.00,'PAGO','DINHEIRO'),(59,'2026-03-25 00:00:00',2,3,150.00,'PAGO','DINHEIRO'),(60,'2026-03-25 00:00:00',3,1,126.00,'PAGO','DINHEIRO'),(61,'2026-03-26 00:00:00',2,4,250.00,'PAGO','DINHEIRO'),(62,'2026-03-26 00:00:00',3,1,200.00,'PAGO','DINHEIRO'),(63,'2026-03-26 00:00:00',1,5,120.00,'PAGO','DINHEIRO'),(64,'2026-03-27 00:00:00',2,1,216.00,'PAGO','DINHEIRO'),(65,'2026-03-27 00:00:00',2,6,180.00,'PAGO','DINHEIRO'),(66,'2026-03-27 00:00:00',2,1,250.00,'PAGO','DINHEIRO'),(67,'2026-03-28 00:00:00',3,7,200.00,'PAGO','DINHEIRO'),(68,'2026-03-28 00:00:00',1,1,120.00,'PAGO','DINHEIRO'),(69,'2026-03-28 00:00:00',1,8,80.00,'PAGO','DINHEIRO'),(70,'2026-03-29 00:00:00',3,1,60.00,'PAGO','DINHEIRO'),(71,'2026-03-29 00:00:00',3,2,25.00,'PAGO','DINHEIRO'),(72,'2026-03-29 00:00:00',3,1,52.50,'PAGO','DINHEIRO'),(73,'2026-03-30 00:00:00',1,3,60.00,'PAGO','DINHEIRO'),(74,'2026-03-30 00:00:00',1,1,126.00,'PAGO','DINHEIRO'),(75,'2026-03-30 00:00:00',1,4,90.00,'PAGO','DINHEIRO'),(76,'2026-03-31 00:00:00',2,1,600.00,'PAGO','DINHEIRO'),(77,'2026-03-31 00:00:00',3,5,210.00,'PAGO','DINHEIRO'),(78,'2026-03-31 00:00:00',1,1,210.00,'PAGO','DINHEIRO'),(1000,'2026-01-05 00:00:00',1,5,30.00,'FIADO','PENDENTE'),(1001,'2026-01-07 00:00:00',2,4,60.00,'FIADO','PENDENTE'),(1002,'2026-01-08 00:00:00',3,3,10.00,'FIADO','PENDENTE'),(1003,'2026-01-10 00:00:00',1,6,25.00,'FIADO','PENDENTE'),(1004,'2026-01-12 00:00:00',1,7,28.00,'FIADO','PENDENTE'),(1005,'2026-01-15 00:00:00',3,8,32.00,'FIADO','PENDENTE'),(1006,'2026-01-18 00:00:00',2,2,36.00,'FIADO','PENDENTE'),(1007,'2026-01-20 00:00:00',1,5,24.00,'FIADO','PENDENTE'),(1008,'2026-01-22 00:00:00',2,4,100.00,'FIADO','PENDENTE'),(1009,'2026-01-25 00:00:00',3,3,48.00,'FIADO','PENDENTE'),(1010,'2026-01-28 00:00:00',2,7,50.00,'FIADO','PENDENTE'),(1011,'2026-01-30 00:00:00',1,8,20.00,'FIADO','PENDENTE'),(1012,'2026-02-02 00:00:00',3,5,36.00,'FIADO','PENDENTE'),(1013,'2026-02-04 00:00:00',2,6,80.00,'FIADO','PENDENTE'),(1014,'2026-02-05 00:00:00',1,3,15.00,'FIADO','PENDENTE'),(1015,'2026-02-07 00:00:00',1,4,36.00,'FIADO','PENDENTE'),(1016,'2026-02-10 00:00:00',2,7,45.00,'FIADO','PENDENTE'),(1017,'2026-02-12 00:00:00',3,2,30.00,'FIADO','PENDENTE'),(1018,'2026-02-15 00:00:00',3,8,28.00,'FIADO','PENDENTE'),(1019,'2026-02-18 00:00:00',2,5,50.00,'FIADO','PENDENTE'),(1020,'2026-02-20 00:00:00',2,6,120.00,'FIADO','PENDENTE'),(1021,'2026-02-22 00:00:00',1,7,42.00,'FIADO','PENDENTE'),(1022,'2026-02-24 00:00:00',1,3,25.00,'FIADO','PENDENTE'),(1023,'2026-02-26 00:00:00',3,4,64.00,'FIADO','PENDENTE'),(1024,'2026-02-28 00:00:00',1,8,40.00,'FIADO','PENDENTE'),(1025,'2026-03-02 00:00:00',2,2,50.00,'FIADO','PENDENTE'),(1026,'2026-03-04 00:00:00',1,5,20.00,'FIADO','PENDENTE'),(1027,'2026-03-05 00:00:00',1,3,30.00,'FIADO','PENDENTE'),(1028,'2026-03-07 00:00:00',1,6,30.00,'FIADO','PENDENTE'),(1029,'2026-03-09 00:00:00',3,7,40.00,'FIADO','PENDENTE'),(1030,'2026-03-11 00:00:00',2,4,48.00,'FIADO','PENDENTE'),(1031,'2026-03-13 00:00:00',3,8,48.00,'FIADO','PENDENTE'),(1032,'2026-03-15 00:00:00',2,5,100.00,'FIADO','PENDENTE'),(1033,'2026-03-17 00:00:00',2,2,75.00,'FIADO','PENDENTE'),(1034,'2026-03-19 00:00:00',3,3,30.00,'FIADO','PENDENTE'),(1035,'2026-03-21 00:00:00',1,6,45.00,'FIADO','PENDENTE'),(1036,'2026-03-22 00:00:00',1,4,35.00,'FIADO','PENDENTE'),(1037,'2026-03-24 00:00:00',3,7,36.00,'FIADO','PENDENTE'),(1038,'2026-03-25 00:00:00',2,8,40.00,'FIADO','PENDENTE'),(1039,'2026-03-26 00:00:00',1,5,24.00,'FIADO','PENDENTE'),(1040,'2026-03-27 00:00:00',1,2,12.00,'FIADO','PENDENTE'),(1041,'2026-03-28 00:00:00',2,3,80.00,'FIADO','PENDENTE'),(1042,'2026-03-29 00:00:00',3,6,22.50,'FIADO','PENDENTE'),(1043,'2026-03-29 00:00:00',1,7,25.00,'FIADO','PENDENTE'),(1044,'2026-03-30 00:00:00',1,4,60.00,'FIADO','PENDENTE'),(1045,'2026-03-30 00:00:00',3,8,50.00,'FIADO','PENDENTE'),(1046,'2026-03-31 00:00:00',2,5,60.00,'FIADO','PENDENTE'),(1047,'2026-03-31 00:00:00',2,6,120.00,'FIADO','PENDENTE'),(1048,'2026-03-31 00:00:00',3,3,12.00,'FIADO','PENDENTE'),(1049,'2026-03-31 00:00:00',1,7,28.00,'FIADO','PENDENTE');
/*!40000 ALTER TABLE `SALE` ENABLE KEYS */;
UNLOCK TABLES;
/*!40103 SET TIME_ZONE=@OLD_TIME_ZONE */;

/*!40101 SET SQL_MODE=@OLD_SQL_MODE */;
/*!40014 SET FOREIGN_KEY_CHECKS=@OLD_FOREIGN_KEY_CHECKS */;
/*!40014 SET UNIQUE_CHECKS=@OLD_UNIQUE_CHECKS */;
/*!40101 SET CHARACTER_SET_CLIENT=@OLD_CHARACTER_SET_CLIENT */;
/*!40101 SET CHARACTER_SET_RESULTS=@OLD_CHARACTER_SET_RESULTS */;
/*!40101 SET COLLATION_CONNECTION=@OLD_COLLATION_CONNECTION */;
/*!40111 SET SQL_NOTES=@OLD_SQL_NOTES */;

-- Dump completed on 2026-04-02  2:40:49
